{
  "weekday_patterns": {
    "0": {
      "mean": 0.1111111111111111,
      "std": 0.0083235236379573,
      "min": 0.1,
      "max": 0.12,
      "median": 0.11
    },
    "1": {
      "mean": 0.045000000000000005,
      "std": 0.005144957554275266,
      "min": 0.04,
      "max": 0.05,
      "median": 0.045
    },
    "2": {
      "mean": 0.05388888888888889,
      "std": 0.005016313257045499,
      "min": 0.05,
      "max": 0.06,
      "median": 0.05
    },
    "3": {
      "mean": 0.05388888888888889,
      "std": 0.005016313257045499,
      "min": 0.05,
      "max": 0.06,
      "median": 0.05
    },
    "4": {
      "mean": 0.065,
      "std": 0.00514495755427527,
      "min": 0.06,
      "max": 0.07,
      "median": 0.065
    },
    "5": {
      "mean": 0.21166666666666667,
      "std": 0.012947859237091252,
      "min": 0.2,
      "max": 0.24,
      "median": 0.21000000000000002
    },
    "6": {
      "mean": 0.13166666666666668,
      "std": 0.009235481451827995,
      "min": 0.12,
      "max": 0.15,
      "median": 0.13
    },
    "7": {
      "mean": 0.13166666666666668,
      "std": 0.009235481451827995,
      "min": 0.12,
      "max": 0.15,
      "median": 0.13
    },
    "8": {
      "mean": 0.22,
      "std": 0.0118817705157201,
      "min": 0.21,
      "max": 0.25,
      "median": 0.215
    },
    "9": {
      "mean": 0.17666666666666667,
      "std": 0.008401680504168053,
      "min": 0.17,
      "max": 0.2,
      "median": 0.175
    },
    "10": {
      "mean": 0.17666666666666667,
      "std": 0.008401680504168053,
      "min": 0.17,
      "max": 0.2,
      "median": 0.175
    },
    "11": {
      "mean": 0.15555555555555556,
      "std": 0.006156987634551999,
      "min": 0.15,
      "max": 0.17,
      "median": 0.155
    },
    "12": {
      "mean": 0.15555555555555556,
      "std": 0.006156987634551999,
      "min": 0.15,
      "max": 0.17,
      "median": 0.155
    },
    "13": {
      "mean": 0.13166666666666668,
      "std": 0.009235481451827995,
      "min": 0.12,
      "max": 0.15,
      "median": 0.13
    },
    "14": {
      "mean": 0.1111111111111111,
      "std": 0.0083235236379573,
      "min": 0.1,
      "max": 0.12,
      "median": 0.11
    },
    "15": {
      "mean": 0.1111111111111111,
      "std": 0.0083235236379573,
      "min": 0.1,
      "max": 0.12,
      "median": 0.11
    },
    "16": {
      "mean": 0.13166666666666668,
      "std": 0.009235481451827995,
      "min": 0.12,
      "max": 0.15,
      "median": 0.13
    },
    "17": {
      "mean": 0.17666666666666667,
      "std": 0.008401680504168053,
      "min": 0.17,
      "max": 0.2,
      "median": 0.175
    },
    "18": {
      "mean": 0.30777777777777776,
      "std": 0.015550886320704598,
      "min": 0.29,
      "max": 0.34,
      "median": 0.305
    },
    "19": {
      "mean": 0.41833333333333333,
      "std": 0.02617812288241956,
      "min": 0.39,
      "max": 0.47,
      "median": 0.41500000000000004
    },
    "20": {
      "mean": 0.3527777777777778,
      "std": 0.020235541114163622,
      "min": 0.33,
      "max": 0.39,
      "median": 0.35
    },
    "21": {
      "mean": 0.26666666666666666,
      "std": 0.013719886811400713,
      "min": 0.25,
      "max": 0.29,
      "median": 0.265
    },
    "22": {
      "mean": 0.22,
      "std": 0.0118817705157201,
      "min": 0.21,
      "max": 0.25,
      "median": 0.215
    },
    "23": {
      "mean": 0.13166666666666668,
      "std": 0.009235481451827995,
      "min": 0.12,
      "max": 0.15,
      "median": 0.13
    }
  },
  "weekend_patterns": {
    "0": {
      "mean": 0.105,
      "std": 0.005222329678670932,
      "min": 0.1,
      "max": 0.11,
      "median": 0.10500000000000001
    },
    "1": {
      "mean": 0.0425,
      "std": 0.004522670168666454,
      "min": 0.04,
      "max": 0.05,
      "median": 0.04
    },
    "2": {
      "mean": 0.05000000000000001,
      "std": 0.0,
      "min": 0.05,
      "max": 0.05,
      "median": 0.05
    },
    "3": {
      "mean": 0.05000000000000001,
      "std": 0.0,
      "min": 0.05,
      "max": 0.05,
      "median": 0.05
    },
    "4": {
      "mean": 0.06416666666666666,
      "std": 0.005149286505444376,
      "min": 0.06,
      "max": 0.07,
      "median": 0.06
    },
    "5": {
      "mean": 0.205,
      "std": 0.010871146130092182,
      "min": 0.19,
      "max": 0.22,
      "median": 0.2
    },
    "6": {
      "mean": 0.1275,
      "std": 0.008660254037844395,
      "min": 0.12,
      "max": 0.14,
      "median": 0.125
    },
    "7": {
      "mean": 0.1275,
      "std": 0.008660254037844395,
      "min": 0.12,
      "max": 0.14,
      "median": 0.125
    },
    "8": {
      "mean": 0.21250000000000002,
      "std": 0.012880570286640688,
      "min": 0.2,
      "max": 0.23,
      "median": 0.21
    },
    "9": {
      "mean": 0.255,
      "std": 0.014459976109624434,
      "min": 0.24,
      "max": 0.27,
      "median": 0.255
    },
    "10": {
      "mean": 0.17,
      "std": 0.009534625892455914,
      "min": 0.16,
      "max": 0.18,
      "median": 0.17
    },
    "11": {
      "mean": 0.15,
      "std": 0.009534625892455921,
      "min": 0.14,
      "max": 0.16,
      "median": 0.15
    },
    "12": {
      "mean": 0.21250000000000002,
      "std": 0.012880570286640688,
      "min": 0.2,
      "max": 0.23,
      "median": 0.21
    },
    "13": {
      "mean": 0.2325,
      "std": 0.012880570286640679,
      "min": 0.22,
      "max": 0.25,
      "median": 0.23
    },
    "14": {
      "mean": 0.255,
      "std": 0.014459976109624434,
      "min": 0.24,
      "max": 0.27,
      "median": 0.255
    },
    "15": {
      "mean": 0.21250000000000002,
      "std": 0.012880570286640688,
      "min": 0.2,
      "max": 0.23,
      "median": 0.21
    },
    "16": {
      "mean": 0.19000000000000003,
      "std": 0.009534625892455932,
      "min": 0.18,
      "max": 0.2,
      "median": 0.19
    },
    "17": {
      "mean": 0.2325,
      "std": 0.012880570286640679,
      "min": 0.22,
      "max": 0.25,
      "median": 0.23
    },
    "18": {
      "mean": 0.29750000000000004,
      "std": 0.01764549903980151,
      "min": 0.28,
      "max": 0.32,
      "median": 0.295
    },
    "19": {
      "mean": 0.405,
      "std": 0.01977142106448322,
      "min": 0.38,
      "max": 0.43,
      "median": 0.4
    },
    "20": {
      "mean": 0.29750000000000004,
      "std": 0.01764549903980151,
      "min": 0.28,
      "max": 0.32,
      "median": 0.295
    },
    "21": {
      "mean": 0.255,
      "std": 0.014459976109624434,
      "min": 0.24,
      "max": 0.27,
      "median": 0.255
    },
    "22": {
      "mean": 0.21250000000000002,
      "std": 0.012880570286640688,
      "min": 0.2,
      "max": 0.23,
      "median": 0.21
    },
    "23": {
      "mean": 0.1275,
      "std": 0.008660254037844395,
      "min": 0.12,
      "max": 0.14,
      "median": 0.125
    }
  }
}